Category,Weights,Percentage
Input Embeddings,39383808,24.159066068669205
Layer Normalization,19968,0.01224889759921607
Self-Attention,28348416,17.38966569931783
Feed-Forward Network (MLP),56669184,34.76237138657521
Output Layer,38597376,23.676647947838543
